Workbook

Sheet 🏥 Patient Data
A1: HEALTHCARE PATIENT DATABASE — 200 Records | Jan–Dec 2024
A2: Patient ID | B2: Visit Date | C2: Discharge Date | D2: Age | E2: Gender | F2: Ward | G2: Doctor | H2: Diagnosis | I2: Treatment | J2: Outcome | K2: LOS (Days) | L2: Bill (₹) | M2: Satisfaction
A3: PT0001 | B3: 20-May-2024 | C3: 01-Jun-2024 | D3: 19 | E3: Male | F3: Neurology | G3: Dr. Singh | H3: Diabetes Type 2 | I3: Metformin | J3: Recovered | K3: 12 | L3: 23366.89 | M3: 74
A4: PT0002 | B4: 21-Apr-2024 | C4: 23-Apr-2024 | D4: 19 | E4: Male | F4: Neurology | G4: Dr. Singh | H4: Hypertension | I4: ACE Inhibitors | J4: Recovered | K4: 2 | L4: 22449.57 | M4: 89
A5: PT0003 | B5: 22-May-2024 | C5: 01-Jun-2024 | D5: 46 | E5: Female | F5: Pediatrics | G5: Dr. Gupta | H5: Pneumonia | I5: Antibiotics | J5: Improving | K5: 10 | L5: 65707.28 | M5: 70
A6: PT0004 | B6: 21-Jun-2024 | C6: 04-Jul-2024 | D6: 31 | E6: Female | F6: Pediatrics | G6: Dr. Verma | H6: Asthma | I6: Bronchodilator | J6: Recovered | K6: 13 | L6: 12665.77 | M6: 82
A7: PT0005 | B7: 23-Aug-2024 | C7: 24-Aug-2024 | D7: 69 | E7: Male | F7: Neurology | G7: Dr. Gupta | H7: Arthritis | I7: NSAIDs | J7: Worsening | K7: 1 | L7: 45217.11 | M7: 99
A8: PT0006 | B8: 04-Jul-2024 | C8: 18-Jul-2024 | D8: 74 | E8: Male | F8: ICU | G8: Dr. Gupta | H8: Depression | I8: SSRIs | J8: Recovered | K8: 14 | L8: 48301.41 | M8: 92
A9: PT0007 | B9: 21-Feb-2024 | C9: 25-Feb-2024 | D9: 72 | E9: Male | F9: Pediatrics | G9: Dr. Gupta | H9: Diabetes Type 2 | I9: Metformin | J9: Stable | K9: 4 | L9: 33509.47 | M9: 84
A10: PT0008 | B10: 25-Dec-2024 | C10: 30-Dec-2024 | D10: 60 | E10: Male | F10: Neurology | G10: Dr. Patel | H10: Pneumonia | I10: Antibiotics | J10: Recovered | K10: 5 | L10: 75249.09 | M10: 90
A11: PT0009 | B11: 18-May-2024 | C11: 25-May-2024 | D11: 47 | E11: Male | F11: Pediatrics | G11: Dr. Sharma | H11: Asthma | I11: Bronchodilator | J11: Discharged | K11: 7 | L11: 79214.25 | M11: 90
A12: PT0010 | B12: 10-Jun-2024 | C12: 11-Jun-2024 | D12: 70 | E12: Female | F12: ICU | G12: Dr. Singh | H12: Pneumonia | I12: Antibiotics | J12: Improving | K12: 1 | L12: 35087.36 | M12: 72
A13: PT0011 | B13: 22-Aug-2024 | C13: 02-Sep-2024 | D13: 74 | E13: Female | F13: Neurology | G13: Dr. Singh | H13: Heart Disease | I13: Beta Blockers | J13: Improving | K13: 11 | L13: 15715.37 | M13: 74
A14: PT0012 | B14: 22-Apr-2024 | C14: 28-Apr-2024 | D14: 43 | E14: Female | F14: General | G14: Dr. Sharma | H14: Depression | I14: SSRIs | J14: Discharged | K14: 6 | L14: 79799.43 | M14: 74
... A202: PT0200 | B202: 01-Mar-2024 | C202: 10-Mar-2024 | D202: 76 | E202: Male | F202: Neurology | G202: Dr. Gupta | H202: Heart Disease | I202: Beta Blockers | J202: Worsening | K202: 9 | L202: 24633.25 | M202: 78

Sheet 📊 Summary Metrics
A1: SUMMARY METRICS — AVERAGEIFS · COUNTIFS · Statistical Analysis
A3: DIAGNOSIS ANALYSIS
A4: Diagnosis | B4: Total Patients | C4: % Share | D4: Avg LOS (Days) | E4: Avg Bill (₹) | F4: Avg Satisfaction | G4: Recovered Count | H4: Recovery Rate
A5: Hypertension | B5: =COUNTIF('🏥 Patient Data'!H3:H202,A5) -> 18 | C5: =IFERROR(B5/SUM(B5:B14),0) -> 0.09 | D5: =IFERROR(AVERAGEIF('🏥 Patient Data'!H3:H202,A5,'🏥 Patient Data'!K3:K202),0) -> 5.8888889 | E5: =IFERROR(AVERAGEIF('🏥 Patient Data'!H3:H202,A5,'🏥 Patient Data'!L3:L202),0) -> 47463.402 | F5: =IFERROR(AVERAGEIF('🏥 Patient Data'!H3:H202,A5,'🏥 Patient Data'!M3:M202),0) -> 87.611111 | G5: =COUNTIFS('🏥 Patient Data'!H3:H202,A5,'🏥 Patient Data'!J3:J202,"Recovered") -> 2 | H5: =IFERROR(G5/B5,0) -> 0.11111111
A6: Diabetes Type 2 | B6: =COUNTIF('🏥 Patient Data'!H3:H202,A6) -> 20 | C6: =IFERROR(B6/SUM(B5:B14),0) -> 0.1 | D6: =IFERROR(AVERAGEIF('🏥 Patient Data'!H3:H202,A6,'🏥 Patient Data'!K3:K202),0) -> 8.4 | E6: =IFERROR(AVERAGEIF('🏥 Patient Data'!H3:H202,A6,'🏥 Patient Data'!L3:L202),0) -> 40734.357 | F6: =IFERROR(AVERAGEIF('🏥 Patient Data'!H3:H202,A6,'🏥 Patient Data'!M3:M202),0) -> 84.1 | G6: =COUNTIFS('🏥 Patient Data'!H3:H202,A6,'🏥 Patient Data'!J3:J202,"Recovered") -> 3 | H6: =IFERROR(G6/B6,0) -> 0.15
A7: Asthma | B7: =COUNTIF('🏥 Patient Data'!H3:H202,A7) -> 24 | C7: =IFERROR(B7/SUM(B5:B14),0) -> 0.12 | D7: =IFERROR(AVERAGEIF('🏥 Patient Data'!H3:H202,A7,'🏥 Patient Data'!K3:K202),0) -> 8.125 | E7: =IFERROR(AVERAGEIF('🏥 Patient Data'!H3:H202,A7,'🏥 Patient Data'!L3:L202),0) -> 38078.838 | F7: =IFERROR(AVERAGEIF('🏥 Patient Data'!H3:H202,A7,'🏥 Patient Data'!M3:M202),0) -> 83.708333 | G7: =COUNTIFS('🏥 Patient Data'!H3:H202,A7,'🏥 Patient Data'!J3:J202,"Recovered") -> 5 | H7: =IFERROR(G7/B7,0) -> 0.20833333
A8: Pneumonia | B8: =COUNTIF('🏥 Patient Data'!H3:H202,A8) -> 19 | C8: =IFERROR(B8/SUM(B5:B14),0) -> 0.095 | D8: =IFERROR(AVERAGEIF('🏥 Patient Data'!H3:H202,A8,'🏥 Patient Data'!K3:K202),0) -> 8 | E8: =IFERROR(AVERAGEIF('🏥 Patient Data'!H3:H202,A8,'🏥 Patient Data'!L3:L202),0) -> 49060.269 | F8: =IFERROR(AVERAGEIF('🏥 Patient Data'!H3:H202,A8,'🏥 Patient Data'!M3:M202),0) -> 83.263158 | G8: =COUNTIFS('🏥 Patient Data'!H3:H202,A8,'🏥 Patient Data'!J3:J202,"Recovered") -> 5 | H8: =IFERROR(G8/B8,0) -> 0.26315789
A9: Arthritis | B9: =COUNTIF('🏥 Patient Data'!H3:H202,A9) -> 28 | C9: =IFERROR(B9/SUM(B5:B14),0) -> 0.14 | D9: =IFERROR(AVERAGEIF('🏥 Patient Data'!H3:H202,A9,'🏥 Patient Data'!K3:K202),0) -> 7.25 | E9: =IFERROR(AVERAGEIF('🏥 Patient Data'!H3:H202,A9,'🏥 Patient Data'!L3:L202),0) -> 41124.837 | F9: =IFERROR(AVERAGEIF('🏥 Patient Data'!H3:H202,A9,'🏥 Patient Data'!M3:M202),0) -> 84.785714 | G9: =COUNTIFS('🏥 Patient Data'!H3:H202,A9,'🏥 Patient Data'!J3:J202,"Recovered") -> 6 | H9: =IFERROR(G9/B9,0) -> 0.21428571
A10: Migraine | B10: =COUNTIF('🏥 Patient Data'!H3:H202,A10) -> 16 | C10: =IFERROR(B10/SUM(B5:B14),0) -> 0.08 | D10: =IFERROR(AVERAGEIF('🏥 Patient Data'!H3:H202,A10,'🏥 Patient Data'!K3:K202),0) -> 6.8125 | E10: =IFERROR(AVERAGEIF('🏥 Patient Data'!H3:H202,A10,'🏥 Patient Data'!L3:L202),0) -> 26832.238 | F10: =IFERROR(AVERAGEIF('🏥 Patient Data'!H3:H202,A10,'🏥 Patient Data'!M3:M202),0) -> 86.3125 | G10: =COUNTIFS('🏥 Patient Data'!H3:H202,A10,'🏥 Patient Data'!J3:J202,"Recovered") -> 3 | H10: =IFERROR(G10/B10,0) -> 0.1875
A11: Heart Disease | B11: =COUNTIF('🏥 Patient Data'!H3:H202,A11) -> 22 | C11: =IFERROR(B11/SUM(B5:B14),0) -> 0.11 | D11: =IFERROR(AVERAGEIF('🏥 Patient Data'!H3:H202,A11,'🏥 Patient Data'!K3:K202),0) -> 7.6818182 | E11: =IFERROR(AVERAGEIF('🏥 Patient Data'!H3:H202,A11,'🏥 Patient Data'!L3:L202),0) -> 40679.268 | F11: =IFERROR(AVERAGEIF('🏥 Patient Data'!H3:H202,A11,'🏥 Patient Data'!M3:M202),0) -> 85.272727 | G11: =COUNTIFS('🏥 Patient Data'!H3:H202,A11,'🏥 Patient Data'!J3:J202,"Recovered") -> 5 | H11: =IFERROR(G11/B11,0) -> 0.22727273
A12: Anemia | B12: =COUNTIF('🏥 Patient Data'!H3:H202,A12) -> 20 | C12: =IFERROR(B12/SUM(B5:B14),0) -> 0.1 | D12: =IFERROR(AVERAGEIF('🏥 Patient Data'!H3:H202,A12,'🏥 Patient Data'!K3:K202),0) -> 7.05 | E12: =IFERROR(AVERAGEIF('🏥 Patient Data'!H3:H202,A12,'🏥 Patient Data'!L3:L202),0) -> 53278.232 | F12: =IFERROR(AVERAGEIF('🏥 Patient Data'!H3:H202,A12,'🏥 Patient Data'!M3:M202),0) -> 83.55 | G12: =COUNTIFS('🏥 Patient Data'!H3:H202,A12,'🏥 Patient Data'!J3:J202,"Recovered") -> 1 | H12: =IFERROR(G12/B12,0) -> 0.05
A13: Thyroid Disorder | B13: =COUNTIF('🏥 Patient Data'!H3:H202,A13) -> 15 | C13: =IFERROR(B13/SUM(B5:B14),0) -> 0.075 | D13: =IFERROR(AVERAGEIF('🏥 Patient Data'!H3:H202,A13,'🏥 Patient Data'!K3:K202),0) -> 7.7333333 | E13: =IFERROR(AVERAGEIF('🏥 Patient Data'!H3:H202,A13,'🏥 Patient Data'!L3:L202),0) -> 38998.273 | F13: =IFERROR(AVERAGEIF('🏥 Patient Data'!H3:H202,A13,'🏥 Patient Data'!M3:M202),0) -> 88 | G13: =COUNTIFS('🏥 Patient Data'!H3:H202,A13,'🏥 Patient Data'!J3:J202,"Recovered") -> 3 | H13: =IFERROR(G13/B13,0) -> 0.2
A14: Depression | B14: =COUNTIF('🏥 Patient Data'!H3:H202,A14) -> 18 | C14: =IFERROR(B14/SUM(B5:B14),0) -> 0.09 | D14: =IFERROR(AVERAGEIF('🏥 Patient Data'!H3:H202,A14,'🏥 Patient Data'!K3:K202),0) -> 6 | E14: =IFERROR(AVERAGEIF('🏥 Patient Data'!H3:H202,A14,'🏥 Patient Data'!L3:L202),0) -> 46878.732 | F14: =IFERROR(AVERAGEIF('🏥 Patient Data'!H3:H202,A14,'🏥 Patient Data'!M3:M202),0) -> 85.833333 | G14: =COUNTIFS('🏥 Patient Data'!H3:H202,A14,'🏥 Patient Data'!J3:J202,"Recovered") -> 5 | H14: =IFERROR(G14/B14,0) -> 0.27777778
A15: TOTAL / AVERAGE | B15: =SUM(B5:B14) -> 200 | C15: =SUM(C5:C14) -> 1 | D15: =AVERAGE(D5:D14) -> 7.294154 | E15: =AVERAGE(E5:E14) -> 42312.845 | F15: =AVERAGE(F5:F14) -> 85.243688 | G15: =SUM(G5:G14) -> 38 | H15: =AVERAGE(H5:H14) -> 0.18894386
A17: DOCTOR PERFORMANCE METRICS
A18: Doctor | B18: Patients Handled | C18: Avg Satisfaction | D18: Avg LOS | E18: Avg Bill | F18: Recovered %
A19: Dr. Sharma | B19: =COUNTIF('🏥 Patient Data'!G3:G202,A19) -> 42 | C19: =IFERROR(AVERAGEIF('🏥 Patient Data'!G3:G202,A19,'🏥 Patient Data'!M3:M202),0) -> 85.880952 | D19: =IFERROR(AVERAGEIF('🏥 Patient Data'!G3:G202,A19,'🏥 Patient Data'!K3:K202),0) -> 6.8095238 | E19: =IFERROR(AVERAGEIF('🏥 Patient Data'!G3:G202,A19,'🏥 Patient Data'!L3:L202),0) -> 39562.265 | F19: =IFERROR(COUNTIFS('🏥 Patient Data'!G3:G202,A19,'🏥 Patient Data'!J3:J202,"Recovered")/COUNTIF('🏥 Patient Data'!G3:G202,A19),0) -> 0.095238095
A20: Dr. Patel | B20: =COUNTIF('🏥 Patient Data'!G3:G202,A20) -> 36 | C20: =IFERROR(AVERAGEIF('🏥 Patient Data'!G3:G202,A20,'🏥 Patient Data'!M3:M202),0) -> 85.583333 | D20: =IFERROR(AVERAGEIF('🏥 Patient Data'!G3:G202,A20,'🏥 Patient Data'!K3:K202),0) -> 8.0555556 | E20: =IFERROR(AVERAGEIF('🏥 Patient Data'!G3:G202,A20,'🏥 Patient Data'!L3:L202),0) -> 38704.079 | F20: =IFERROR(COUNTIFS('🏥 Patient Data'!G3:G202,A20,'🏥 Patient Data'!J3:J202,"Recovered")/COUNTIF('🏥 Patient Data'!G3:G202,A20),0) -> 0.19444444
A21: Dr. Gupta | B21: =COUNTIF('🏥 Patient Data'!G3:G202,A21) -> 47 | C21: =IFERROR(AVERAGEIF('🏥 Patient Data'!G3:G202,A21,'🏥 Patient Data'!M3:M202),0) -> 84.829787 | D21: =IFERROR(AVERAGEIF('🏥 Patient Data'!G3:G202,A21,'🏥 Patient Data'!K3:K202),0) -> 7.7659574 | E21: =IFERROR(AVERAGEIF('🏥 Patient Data'!G3:G202,A21,'🏥 Patient Data'!L3:L202),0) -> 43336.862 | F21: =IFERROR(COUNTIFS('🏥 Patient Data'!G3:G202,A21,'🏥 Patient Data'!J3:J202,"Recovered")/COUNTIF('🏥 Patient Data'!G3:G202,A21),0) -> 0.27659574
A22: Dr. Singh | B22: =COUNTIF('🏥 Patient Data'!G3:G202,A22) -> 39 | C22: =IFERROR(AVERAGEIF('🏥 Patient Data'!G3:G202,A22,'🏥 Patient Data'!M3:M202),0) -> 83.641026 | D22: =IFERROR(AVERAGEIF('🏥 Patient Data'!G3:G202,A22,'🏥 Patient Data'!K3:K202),0) -> 6.6410256 | E22: =IFERROR(AVERAGEIF('🏥 Patient Data'!G3:G202,A22,'🏥 Patient Data'!L3:L202),0) -> 42582.649 | F22: =IFERROR(COUNTIFS('🏥 Patient Data'!G3:G202,A22,'🏥 Patient Data'!J3:J202,"Recovered")/COUNTIF('🏥 Patient Data'!G3:G202,A22),0) -> 0.15384615
A23: Dr. Verma | B23: =COUNTIF('🏥 Patient Data'!G3:G202,A23) -> 36 | C23: =IFERROR(AVERAGEIF('🏥 Patient Data'!G3:G202,A23,'🏥 Patient Data'!M3:M202),0) -> 85.555556 | D23: =IFERROR(AVERAGEIF('🏥 Patient Data'!G3:G202,A23,'🏥 Patient Data'!K3:K202),0) -> 7.4166667 | E23: =IFERROR(AVERAGEIF('🏥 Patient Data'!G3:G202,A23,'🏥 Patient Data'!L3:L202),0) -> 48129.412 | F23: =IFERROR(COUNTIFS('🏥 Patient Data'!G3:G202,A23,'🏥 Patient Data'!J3:J202,"Recovered")/COUNTIF('🏥 Patient Data'!G3:G202,A23),0) -> 0.22222222
A26: WARD OCCUPANCY & METRICS
A27: Ward | B27: Total Admissions | C27: Avg LOS | D27: Avg Bill | E27: Avg Satisfaction
A28: General | B28: =COUNTIF('🏥 Patient Data'!F3:F202,A28) -> 38 | C28: =IFERROR(AVERAGEIF('🏥 Patient Data'!F3:F202,A28,'🏥 Patient Data'!K3:K202),0) -> 6.7631579 | D28: =IFERROR(AVERAGEIF('🏥 Patient Data'!F3:F202,A28,'🏥 Patient Data'!L3:L202),0) -> 41468.378 | E28: =IFERROR(AVERAGEIF('🏥 Patient Data'!F3:F202,A28,'🏥 Patient Data'!M3:M202),0) -> 84.263158
A29: ICU | B29: =COUNTIF('🏥 Patient Data'!F3:F202,A29) -> 22 | C29: =IFERROR(AVERAGEIF('🏥 Patient Data'!F3:F202,A29,'🏥 Patient Data'!K3:K202),0) -> 7.8181818 | D29: =IFERROR(AVERAGEIF('🏥 Patient Data'!F3:F202,A29,'🏥 Patient Data'!L3:L202),0) -> 39782.273 | E29: =IFERROR(AVERAGEIF('🏥 Patient Data'!F3:F202,A29,'🏥 Patient Data'!M3:M202),0) -> 87.045455
A30: Pediatrics | B30: =COUNTIF('🏥 Patient Data'!F3:F202,A30) -> 47 | C30: =IFERROR(AVERAGEIF('🏥 Patient Data'!F3:F202,A30,'🏥 Patient Data'!K3:K202),0) -> 7.1914894 | D30: =IFERROR(AVERAGEIF('🏥 Patient Data'!F3:F202,A30,'🏥 Patient Data'!L3:L202),0) -> 42669.707 | E30: =IFERROR(AVERAGEIF('🏥 Patient Data'!F3:F202,A30,'🏥 Patient Data'!M3:M202),0) -> 84.06383
A31: Cardiology | B31: =COUNTIF('🏥 Patient Data'!F3:F202,A31) -> 43 | C31: =IFERROR(AVERAGEIF('🏥 Patient Data'!F3:F202,A31,'🏥 Patient Data'!K3:K202),0) -> 7.4883721 | D31: =IFERROR(AVERAGEIF('🏥 Patient Data'!F3:F202,A31,'🏥 Patient Data'!L3:L202),0) -> 43486.813 | E31: =IFERROR(AVERAGEIF('🏥 Patient Data'!F3:F202,A31,'🏥 Patient Data'!M3:M202),0) -> 87
A32: Neurology | B32: =COUNTIF('🏥 Patient Data'!F3:F202,A32) -> 50 | C32: =IFERROR(AVERAGEIF('🏥 Patient Data'!F3:F202,A32,'🏥 Patient Data'!K3:K202),0) -> 7.56 | D32: =IFERROR(AVERAGEIF('🏥 Patient Data'!F3:F202,A32,'🏥 Patient Data'!L3:L202),0) -> 43175.182 | E32: =IFERROR(AVERAGEIF('🏥 Patient Data'!F3:F202,A32,'🏥 Patient Data'!M3:M202),0) -> 84.16
A35: OUTCOME SUMMARY
A36: Outcome | B36: Count | C36: % of Total | D36: Avg Satisfaction
A37: Recovered | B37: =COUNTIF('🏥 Patient Data'!J3:J202,A37) -> 38 | C37: =IFERROR(B37/200,0) -> 0.19 | D37: =IFERROR(AVERAGEIF('🏥 Patient Data'!J3:J202,A37,'🏥 Patient Data'!M3:M202),0) -> 87.552632
A38: Improving | B38: =COUNTIF('🏥 Patient Data'!J3:J202,A38) -> 34 | C38: =IFERROR(B38/200,0) -> 0.17 | D38: =IFERROR(AVERAGEIF('🏥 Patient Data'!J3:J202,A38,'🏥 Patient Data'!M3:M202),0) -> 84.117647
A39: Stable | B39: =COUNTIF('🏥 Patient Data'!J3:J202,A39) -> 44 | C39: =IFERROR(B39/200,0) -> 0.22 | D39: =IFERROR(AVERAGEIF('🏥 Patient Data'!J3:J202,A39,'🏥 Patient Data'!M3:M202),0) -> 84.454545
A40: Worsening | B40: =COUNTIF('🏥 Patient Data'!J3:J202,A40) -> 47 | C40: =IFERROR(B40/200,0) -> 0.235 | D40: =IFERROR(AVERAGEIF('🏥 Patient Data'!J3:J202,A40,'🏥 Patient Data'!M3:M202),0) -> 85.319149
A41: Discharged | B41: =COUNTIF('🏥 Patient Data'!J3:J202,A41) -> 37 | C41: =IFERROR(B41/200,0) -> 0.185 | D41: =IFERROR(AVERAGEIF('🏥 Patient Data'!J3:J202,A41,'🏥 Patient Data'!M3:M202),0) -> 83.891892
A42: OUTCOME COLOUR LEGEND
A43: Recovered | B43: Improving | C43: Stable | D43: Worsening | E43: Discharged

Sheet 📈 Dashboard
A1: 🏥 HEALTHCARE ANALYTICS DASHBOARD | Clinical Monitoring System | 2024 | Z1: Diagnosis | AA1: Count | AC1: Outcome | AD1: Count | AF1: Ward | AG1: Count | AI1: LOS Range | AJ1: Patients | AL1: Doctor | AM1: Avg Satisfaction | AO1: Gender | AP1: Count
A2: 200 Patients · 10 Diagnoses · 5 Wards · 5 Doctors | Formulas: COUNTIF · COUNTIFS · AVERAGEIF · AVERAGEIFS · IFERROR | Z2: Hypertension | AA2: =COUNTIF('🏥 Patient Data'!H3:H202,Z2) -> 18 | AC2: Recovered | AD2: =COUNTIF('🏥 Patient Data'!J3:J202,AC2) -> 38 | AF2: General | AG2: =COUNTIF('🏥 Patient Data'!F3:F202,AF2) -> 38 | AI2: 1-2 days | AJ2: =COUNTIFS('🏥 Patient Data'!K3:K202,">="&1,'🏥 Patient Data'!K3:K202,"<="&2) -> 31 | AL2: Dr. Sharma | AM2: =IFERROR(AVERAGEIF('🏥 Patient Data'!G3:G202,AL2,'🏥 Patient Data'!M3:M202),0) -> 85.880952 | AO2: Male | AP2: =COUNTIF('🏥 Patient Data'!E3:E202,"Male") -> 120
Z3: Diabetes Type 2 | AA3: =COUNTIF('🏥 Patient Data'!H3:H202,Z3) -> 20 | AC3: Improving | AD3: =COUNTIF('🏥 Patient Data'!J3:J202,AC3) -> 34 | AF3: ICU | AG3: =COUNTIF('🏥 Patient Data'!F3:F202,AF3) -> 22 | AI3: 3-4 days | AJ3: =COUNTIFS('🏥 Patient Data'!K3:K202,">="&3,'🏥 Patient Data'!K3:K202,"<="&4) -> 25 | AL3: Dr. Patel | AM3: =IFERROR(AVERAGEIF('🏥 Patient Data'!G3:G202,AL3,'🏥 Patient Data'!M3:M202),0) -> 85.583333 | AO3: Female | AP3: =COUNTIF('🏥 Patient Data'!E3:E202,"Female") -> 80
A4: 👤 TOTAL PATIENTS | E4: 📅 AVG LOS (DAYS) | I4: 💰 AVG BILL (₹) | M4: ⭐ AVG SATISFACTION | Q4: ✅ RECOVERY RATE | U4: 🏥 ICU PATIENTS | Z4: Asthma | AA4: =COUNTIF('🏥 Patient Data'!H3:H202,Z4) -> 24 | AC4: Stable | AD4: =COUNTIF('🏥 Patient Data'!J3:J202,AC4) -> 44 | AF4: Pediatrics | AG4: =COUNTIF('🏥 Patient Data'!F3:F202,AF4) -> 47 | AI4: 5-6 days | AJ4: =COUNTIFS('🏥 Patient Data'!K3:K202,">="&5,'🏥 Patient Data'!K3:K202,"<="&6) -> 31 | AL4: Dr. Gupta | AM4: =IFERROR(AVERAGEIF('🏥 Patient Data'!G3:G202,AL4,'🏥 Patient Data'!M3:M202),0) -> 84.829787
A5: =COUNTA('🏥 Patient Data'!A3:A202) -> 200 | E5: =AVERAGE('🏥 Patient Data'!K3:K202) -> 7.335 | I5: =AVERAGE('🏥 Patient Data'!L3:L202) -> 42425.883 | M5: =AVERAGE('🏥 Patient Data'!M3:M202) -> 85.085 | Q5: =COUNTIF('🏥 Patient Data'!J3:J202,"Recovered")/200 -> 0.19 | U5: =COUNTIF('🏥 Patient Data'!F3:F202,"ICU") -> 22 | Z5: Pneumonia | AA5: =COUNTIF('🏥 Patient Data'!H3:H202,Z5) -> 19 | AC5: Worsening | AD5: =COUNTIF('🏥 Patient Data'!J3:J202,AC5) -> 47 | AF5: Cardiology | AG5: =COUNTIF('🏥 Patient Data'!F3:F202,AF5) -> 43 | AI5: 7-9 days | AJ5: =COUNTIFS('🏥 Patient Data'!K3:K202,">="&7,'🏥 Patient Data'!K3:K202,"<="&9) -> 50 | AL5: Dr. Singh | AM5: =IFERROR(AVERAGEIF('🏥 Patient Data'!G3:G202,AL5,'🏥 Patient Data'!M3:M202),0) -> 83.641026
Z6: Arthritis | AA6: =COUNTIF('🏥 Patient Data'!H3:H202,Z6) -> 28 | AC6: Discharged | AD6: =COUNTIF('🏥 Patient Data'!J3:J202,AC6) -> 37 | AF6: Neurology | AG6: =COUNTIF('🏥 Patient Data'!F3:F202,AF6) -> 50 | AI6: 10+ days | AJ6: =COUNTIFS('🏥 Patient Data'!K3:K202,">="&10,'🏥 Patient Data'!K3:K202,"<="&99) -> 63 | AL6: Dr. Verma | AM6: =IFERROR(AVERAGEIF('🏥 Patient Data'!G3:G202,AL6,'🏥 Patient Data'!M3:M202),0) -> 85.555556
A7: All records 2024 | E7: Avg hospital stay | I7: Cost per patient | M7: Score out of 100 | Q7: Recovered/Total | U7: Critical care | Z7: Migraine | AA7: =COUNTIF('🏥 Patient Data'!H3:H202,Z7) -> 16
Z8: Heart Disease | AA8: =COUNTIF('🏥 Patient Data'!H3:H202,Z8) -> 22
Z9: Anemia | AA9: =COUNTIF('🏥 Patient Data'!H3:H202,Z9) -> 20
A10: 📊 ANALYTICS CHARTS — 6 Visualisations | Z10: Thyroid Disorder | AA10: =COUNTIF('🏥 Patient Data'!H3:H202,Z10) -> 15
Z11: Depression | AA11: =COUNTIF('🏥 Patient Data'!H3:H202,Z11) -> 18
